{
  "prepare_queue": {
    "installed": [],
    "uninstalled": []
  },
  "config_munge": {
    "files": {
      "res/xml/config.xml": {
        "parents": {
          "/*": [
            {
              "xml": "<feature name=\"Camera\"><param name=\"android-package\" value=\"org.apache.cordova.camera.CameraLauncher\" /></feature>",
              "count": 1
            },
            {
              "xml": "<feature name=\"Device\"><param name=\"android-package\" value=\"org.apache.cordova.device.Device\" /></feature>",
              "count": 1
            },
            {
              "xml": "<feature name=\"Whitelist\"><param name=\"android-package\" value=\"org.apache.cordova.whitelist.WhitelistPlugin\" /><param name=\"onload\" value=\"true\" /></feature>",
              "count": 1
            },
            {
              "xml": "<feature name=\"NfcPlugin\"><param name=\"android-package\" value=\"com.chariotsolutions.nfc.plugin.NfcPlugin\" /><param name=\"onload\" value=\"true\" /></feature>",
              "count": 1
            }
          ]
        }
      },
      "AndroidManifest.xml": {
        "parents": {
          "/*": [
            {
              "xml": "<uses-permission android:name=\"android.permission.WRITE_EXTERNAL_STORAGE\" />",
              "count": 1
            }
          ],
          "application": [
            {
              "xml": "<provider android:authorities=\"${applicationId}.provider\" android:exported=\"false\" android:grantUriPermissions=\"true\" android:name=\"org.apache.cordova.camera.FileProvider\"><meta-data android:name=\"android.support.FILE_PROVIDER_PATHS\" android:resource=\"@xml/camera_provider_paths\" /></provider>",
              "count": 1
            }
          ],
          "/manifest": [
            {
              "xml": "<uses-permission android:name=\"android.permission.NFC\" />",
              "count": 1
            },
            {
              "xml": "<uses-feature android:name=\"android.hardware.nfc\" android:required=\"false\" />",
              "count": 1
            }
          ],
          "/manifest/uses-sdk": [
            {
              "xml": "<uses-sdk android:minSdkVersion=\"19\" />",
              "count": 1,
              "mode": "merge",
              "plugin": "phonegap-nfc",
              "oldAttrib": {
                "android:minSdkVersion": "19",
                "android:targetSdkVersion": "28"
              }
            }
          ]
        }
      }
    }
  },
  "installed_plugins": {
    "cordova-plugin-camera": {
      "PACKAGE_NAME": "com.mobileapp.upb"
    },
    "cordova-plugin-device": {
      "PACKAGE_NAME": "com.mobileapp.upb"
    },
    "cordova-plugin-whitelist": {
      "PACKAGE_NAME": "com.mobileapp.upb"
    },
    "phonegap-nfc": {
      "PACKAGE_NAME": "com.mobileapp.upb"
    }
  },
  "dependent_plugins": {},
  "modules": [
    {
      "id": "cordova-plugin-camera.Camera",
      "file": "plugins/cordova-plugin-camera/www/CameraConstants.js",
      "pluginId": "cordova-plugin-camera",
      "clobbers": [
        "Camera"
      ]
    },
    {
      "id": "cordova-plugin-camera.CameraPopoverOptions",
      "file": "plugins/cordova-plugin-camera/www/CameraPopoverOptions.js",
      "pluginId": "cordova-plugin-camera",
      "clobbers": [
        "CameraPopoverOptions"
      ]
    },
    {
      "id": "cordova-plugin-camera.camera",
      "file": "plugins/cordova-plugin-camera/www/Camera.js",
      "pluginId": "cordova-plugin-camera",
      "clobbers": [
        "navigator.camera"
      ]
    },
    {
      "id": "cordova-plugin-camera.CameraPopoverHandle",
      "file": "plugins/cordova-plugin-camera/www/CameraPopoverHandle.js",
      "pluginId": "cordova-plugin-camera",
      "clobbers": [
        "CameraPopoverHandle"
      ]
    },
    {
      "id": "cordova-plugin-device.device",
      "file": "plugins/cordova-plugin-device/www/device.js",
      "pluginId": "cordova-plugin-device",
      "clobbers": [
        "device"
      ]
    },
    {
      "id": "phonegap-nfc.NFC",
      "file": "plugins/phonegap-nfc/www/phonegap-nfc.js",
      "pluginId": "phonegap-nfc",
      "runs": true
    }
  ],
  "plugin_metadata": {
    "cordova-plugin-camera": "4.0.3",
    "cordova-plugin-device": "2.0.2",
    "cordova-plugin-whitelist": "1.3.3",
    "phonegap-nfc": "1.0.3"
  }
}
